{"cameraMode":{"drawMode":0,"name":"Shaded","section":"Shading Mode"},"sceneLighting":false,"audioPlay":false,"sceneViewState":{"m_AlwaysRefresh":false,"showFog":true,"showSkybox":true,"showFlares":true,"showImageEffects":true,"showParticleSystems":true,"showVisualEffectGraphs":true,"m_FxEnabled":true},"in2DMode":false,"pivot":{"x":-9.251197814941407,"y":1.1025416851043702,"z":4.363821029663086},"rotation":{"x":0.006189924664795399,"y":0.01059640385210514,"z":0.00006421012949431315,"w":-0.9999181032180786},"size":24.053035736083986,"orthographic":false}